-- MySQL Administrator dump 1.4
--
-- ------------------------------------------------------
-- Server version	5.0.45-community-nt


/*!40101 SET @OLD_CHARACTER_SET_CLIENT=@@CHARACTER_SET_CLIENT */;
/*!40101 SET @OLD_CHARACTER_SET_RESULTS=@@CHARACTER_SET_RESULTS */;
/*!40101 SET @OLD_COLLATION_CONNECTION=@@COLLATION_CONNECTION */;
/*!40101 SET NAMES utf8 */;

/*!40014 SET @OLD_UNIQUE_CHECKS=@@UNIQUE_CHECKS, UNIQUE_CHECKS=0 */;
/*!40014 SET @OLD_FOREIGN_KEY_CHECKS=@@FOREIGN_KEY_CHECKS, FOREIGN_KEY_CHECKS=0 */;
/*!40101 SET @OLD_SQL_MODE=@@SQL_MODE, SQL_MODE='NO_AUTO_VALUE_ON_ZERO' */;


--
-- Create schema testdb
--

CREATE DATABASE IF NOT EXISTS testdb;
USE testdb;

--
-- Definition of table `agent_destination`
--

DROP TABLE IF EXISTS `agent_destination`;
CREATE TABLE `agent_destination` (
  `agent_destination_id` int(10) unsigned NOT NULL auto_increment,
  `agent_destination_name` varchar(45) NOT NULL,
  PRIMARY KEY  (`agent_destination_id`)
) ENGINE=InnoDB AUTO_INCREMENT=13 DEFAULT CHARSET=latin1;

--
-- Dumping data for table `agent_destination`
--

/*!40000 ALTER TABLE `agent_destination` DISABLE KEYS */;
INSERT INTO `agent_destination` (`agent_destination_id`,`agent_destination_name`) VALUES 
 (1,'Gaya Mandi'),
 (2,'Hisua'),
 (3,'Nawada'),
 (4,'Tillaiya'),
 (6,'Gaya'),
 (7,'MZF'),
 (8,'Kolkata'),
 (9,'Tilaiya'),
 (10,'Jehanabad'),
 (11,'Bela'),
 (12,'Sherghati');
/*!40000 ALTER TABLE `agent_destination` ENABLE KEYS */;


--
-- Definition of table `agent_details`
--

DROP TABLE IF EXISTS `agent_details`;
CREATE TABLE `agent_details` (
  `agent_id` int(10) unsigned NOT NULL auto_increment,
  `agent_name` varchar(45) NOT NULL,
  `agent_mark` varchar(45) NOT NULL,
  `agent_address` varchar(45) NOT NULL,
  `agent_mob` varchar(10) NOT NULL,
  PRIMARY KEY  (`agent_id`)
) ENGINE=InnoDB AUTO_INCREMENT=4 DEFAULT CHARSET=latin1;

--
-- Dumping data for table `agent_details`
--

/*!40000 ALTER TABLE `agent_details` DISABLE KEYS */;
INSERT INTO `agent_details` (`agent_id`,`agent_name`,`agent_mark`,`agent_address`,`agent_mob`) VALUES 
 (1,'Guddu','ZA','Gaya Mandi',''),
 (2,'Saravan','SR','Nawada',''),
 (3,'Suddu','SD','Gaya Mandi','1234567890');
/*!40000 ALTER TABLE `agent_details` ENABLE KEYS */;


--
-- Definition of table `box_details`
--

DROP TABLE IF EXISTS `box_details`;
CREATE TABLE `box_details` (
  `box_id` int(10) unsigned NOT NULL auto_increment,
  `box_name` varchar(45) NOT NULL,
  `total_wt` int(10) unsigned NOT NULL,
  PRIMARY KEY  (`box_id`)
) ENGINE=InnoDB AUTO_INCREMENT=10 DEFAULT CHARSET=latin1;

--
-- Dumping data for table `box_details`
--

/*!40000 ALTER TABLE `box_details` DISABLE KEYS */;
INSERT INTO `box_details` (`box_id`,`box_name`,`total_wt`) VALUES 
 (1,'Carat',10),
 (2,'Carat',20),
 (3,'Box',10),
 (4,'Box',4),
 (5,'Gift',10),
 (6,'Box',5),
 (7,'Carat',5),
 (8,'Box',2),
 (9,'Gift',4);
/*!40000 ALTER TABLE `box_details` ENABLE KEYS */;


--
-- Definition of table `challan_book`
--

DROP TABLE IF EXISTS `challan_book`;
CREATE TABLE `challan_book` (
  `challan_id` int(10) unsigned NOT NULL auto_increment,
  `challan_date` date NOT NULL,
  `truck_no` varchar(45) NOT NULL,
  `driver_name` varchar(45) default NULL,
  `driver_mobile` varchar(45) default NULL,
  `destination_id` int(10) unsigned NOT NULL,
  `crte_tms` datetime NOT NULL,
  `session_id` varchar(45) NOT NULL,
  `source_id` int(10) unsigned NOT NULL,
  PRIMARY KEY  (`challan_id`)
) ENGINE=InnoDB AUTO_INCREMENT=37 DEFAULT CHARSET=latin1;

--
-- Dumping data for table `challan_book`
--

/*!40000 ALTER TABLE `challan_book` DISABLE KEYS */;
INSERT INTO `challan_book` (`challan_id`,`challan_date`,`truck_no`,`driver_name`,`driver_mobile`,`destination_id`,`crte_tms`,`session_id`,`source_id`) VALUES 
 (7,'2020-04-30','MH 15 3040','Raju Ranjan','8087561312',2,'2020-02-21 15:49:09','F06D2BB03CD0126CD3BD8D89C5F89DC0',35),
 (8,'2020-02-12','MH 15 3033','Rajan ','1234567890',1,'2020-02-21 15:51:31','F06D2BB03CD0126CD3BD8D89C5F89DC0',36),
 (9,'2020-02-12','MH 33 6789','Mukesh','9087654912',1,'2020-02-22 02:19:20','7A5EEF275704AB5F1642BC1D58E062CB',36),
 (10,'2021-02-10','MH 45 9087','Rakesh','8767895432',1,'2020-02-22 02:25:27','7A5EEF275704AB5F1642BC1D58E062CB',36),
 (11,'2020-02-07','MH 15 3033','','',1,'2020-02-22 02:38:23','1AAEE7A962A3D498AB7D91BABE463CFC',35),
 (12,'2020-02-20','MH 15 3033','','',1,'2020-02-22 18:45:34','17DA1BB11AC4F57C2B675451B36DCBFF',35),
 (13,'2020-02-12','MH 15 3033','','',1,'2020-02-23 00:08:17','8905FE445DB1B453A027D25846C2A533',35),
 (14,'2020-02-13','MH 15 3033','','',2,'2020-02-23 00:29:39','D6B7A71EC7C44D7A3310C73EA5E0ABB9',35),
 (18,'2020-02-19','MH 15 3033','','',1,'2020-02-23 22:44:10','D92E9852F25F205BBE61A64095AE813D',35),
 (19,'2020-02-27','MH 15 3033','Rajan ','',1,'2020-02-24 23:38:28','E0CF852CAE5B4B8DBDCF5A00D7B53A58',35),
 (20,'2020-02-26','MH 15 3033','','',1,'2020-02-26 00:29:17','747229690825219E7555416E7D90D662',35),
 (21,'2020-02-27','MH 20 8987','','',1,'2020-02-27 00:48:32','10D27862B58123481F35AE3E2A571148',35),
 (22,'2020-02-28','MH 15 3033','','',1,'2020-02-28 21:53:53','246CEC5CC34E818BBC2F2DC4CCB6BC97',35),
 (23,'2020-03-18','MH 15 3033','','',1,'2020-03-03 23:48:26','AAB585DE471D8A175AD2C74A47B57B85',35),
 (24,'2020-03-04','MH 15 3033','','8909878',1,'2020-03-04 23:33:46','AC33672A36AEDD05D954F8DB94284320',35),
 (25,'2020-03-05','MH 15 3033','Rajan ','1234567890',1,'2020-03-05 23:04:49','76620921A0858D7EE34ACD3887CD01D6',35),
 (26,'2020-03-06','MH 15 3033','Rajan ','1234567890',1,'2020-03-06 23:56:14','E889989AF1CB46B0620DF55171F3FB08',35),
 (27,'2020-03-07','MH 20 8987','Rajan ','1234567890',1,'2020-03-07 01:43:10','6B06EE00790D45D32E57442D745713E6',35),
 (28,'2020-03-07','MH 15 3033','','1234567890',1,'2020-03-07 01:47:18','6B06EE00790D45D32E57442D745713E6',35),
 (29,'2020-03-10','MH 15 3033','Rajan ','1234567890',1,'2020-03-10 23:09:33','F3E965C1388C237D3AFC81C58929910D',35),
 (30,'2020-03-10','MH 15 3033','Rajan ','1234567890',1,'2020-03-10 23:10:09','F3E965C1388C237D3AFC81C58929910D',35),
 (31,'2020-03-10','MH 15 3033','Rajan ','1234567890',1,'2020-03-10 23:24:06','EA1DF975227C4499D989A753D6B80ADE',35),
 (32,'2020-03-12','ssss','dddd','1234567890',1,'2020-03-11 09:54:20','AF56127C80C342FD284DFD41DBAD015B',35),
 (33,'2020-03-12','MH 15 3033','','1234567890',1,'2020-03-11 21:33:31','5A0A910573947C31271065D58EA3ED94',35),
 (36,'2020-03-15','MH 24 AP 3030','Suleman','7865432123',1,'2020-03-15 22:29:00','91E51BADBB1CD94EC439E2B2D57E8400',35);
/*!40000 ALTER TABLE `challan_book` ENABLE KEYS */;


--
-- Definition of table `destination_details`
--

DROP TABLE IF EXISTS `destination_details`;
CREATE TABLE `destination_details` (
  `destination_id` int(10) unsigned NOT NULL auto_increment,
  `destination` varchar(45) NOT NULL,
  PRIMARY KEY  (`destination_id`)
) ENGINE=InnoDB AUTO_INCREMENT=3 DEFAULT CHARSET=latin1;

--
-- Dumping data for table `destination_details`
--

/*!40000 ALTER TABLE `destination_details` DISABLE KEYS */;
INSERT INTO `destination_details` (`destination_id`,`destination`) VALUES 
 (1,'Gaya'),
 (2,'Biharsharif');
/*!40000 ALTER TABLE `destination_details` ENABLE KEYS */;


--
-- Definition of table `fare_book`
--

DROP TABLE IF EXISTS `fare_book`;
CREATE TABLE `fare_book` (
  `fare_id` int(10) unsigned NOT NULL auto_increment,
  `sub_lot_id` int(10) unsigned NOT NULL,
  `total_fare` double NOT NULL,
  `session_id` varchar(45) NOT NULL,
  `crte_tms` datetime NOT NULL,
  PRIMARY KEY  (`fare_id`)
) ENGINE=InnoDB AUTO_INCREMENT=29 DEFAULT CHARSET=latin1;

--
-- Dumping data for table `fare_book`
--

/*!40000 ALTER TABLE `fare_book` DISABLE KEYS */;
INSERT INTO `fare_book` (`fare_id`,`sub_lot_id`,`total_fare`,`session_id`,`crte_tms`) VALUES 
 (5,22,1068,'52499209638EA36CFE6B1FC1C975EF28','2020-02-27 00:36:31'),
 (6,17,804,'476965682EF09F035634A36E188BFFB0','2020-02-27 00:43:46'),
 (10,25,3740,'476965682EF09F035634A36E188BFFB0','2020-02-27 00:44:30'),
 (11,23,2312,'476965682EF09F035634A36E188BFFB0','2020-02-27 00:44:32'),
 (12,24,2074,'476965682EF09F035634A36E188BFFB0','2020-02-27 00:44:35'),
 (13,24,2074,'476965682EF09F035634A36E188BFFB0','2020-02-27 00:44:37'),
 (14,26,3060,'10D27862B58123481F35AE3E2A571148','2020-02-27 00:49:37'),
 (15,27,2244,'246CEC5CC34E818BBC2F2DC4CCB6BC97','2020-02-28 21:58:13'),
 (16,29,680,'246CEC5CC34E818BBC2F2DC4CCB6BC97','2020-02-28 21:58:42'),
 (17,31,276,'AC33672A36AEDD05D954F8DB94284320','2020-03-04 23:17:17'),
 (18,32,0,'AC33672A36AEDD05D954F8DB94284320','2020-03-04 23:45:28'),
 (19,33,0,'AC33672A36AEDD05D954F8DB94284320','2020-03-04 23:48:19'),
 (20,34,374,'AC33672A36AEDD05D954F8DB94284320','2020-03-04 23:50:34'),
 (21,35,396,'C222F69B6EAE1DFA7FD1711DC10601E6','2020-03-05 23:15:47'),
 (22,36,120,'E889989AF1CB46B0620DF55171F3FB08','2020-03-07 00:00:13'),
 (23,37,2227.5,'E889989AF1CB46B0620DF55171F3FB08','2020-03-07 00:00:18'),
 (24,39,0,'6B06EE00790D45D32E57442D745713E6','2020-03-07 01:50:23'),
 (25,38,3026,'6B06EE00790D45D32E57442D745713E6','2020-03-07 01:50:42'),
 (26,41,672,'B1AFC2D81D5E7746201E243BA0724B96','2020-03-08 17:30:24'),
 (27,42,678,'2C1D2D2A3A6B475B04ABAAFA54F00ED1','2020-03-11 01:03:01'),
 (28,44,1950,'AF56127C80C342FD284DFD41DBAD015B','2020-03-11 09:55:59');
/*!40000 ALTER TABLE `fare_book` ENABLE KEYS */;


--
-- Definition of table `fare_collection`
--

DROP TABLE IF EXISTS `fare_collection`;
CREATE TABLE `fare_collection` (
  `collection_id` int(10) unsigned NOT NULL auto_increment,
  `fare_id` int(10) unsigned NOT NULL,
  `sub_lot_id` int(10) unsigned NOT NULL,
  `tot_payment` double NOT NULL,
  `pymt_dt` date NOT NULL,
  `debit_amt` double default NULL,
  `extra_fare` double default NULL,
  PRIMARY KEY  USING BTREE (`collection_id`)
) ENGINE=InnoDB AUTO_INCREMENT=12 DEFAULT CHARSET=latin1;

--
-- Dumping data for table `fare_collection`
--

/*!40000 ALTER TABLE `fare_collection` DISABLE KEYS */;
INSERT INTO `fare_collection` (`collection_id`,`fare_id`,`sub_lot_id`,`tot_payment`,`pymt_dt`,`debit_amt`,`extra_fare`) VALUES 
 (6,4,20,732,'2020-03-10',0,50),
 (7,4,20,50,'2020-03-10',0,0),
 (8,6,17,700,'2020-03-10',200,96),
 (9,7,18,65.35,'2020-03-10',0,0),
 (10,7,18,2541.65,'2020-03-10',0,0),
 (11,8,19,1128,'2020-03-12',0,0);
/*!40000 ALTER TABLE `fare_collection` ENABLE KEYS */;


--
-- Definition of table `fare_debit`
--

DROP TABLE IF EXISTS `fare_debit`;
CREATE TABLE `fare_debit` (
  `fare_debit_id` int(10) unsigned NOT NULL auto_increment,
  `collection_id` int(10) unsigned NOT NULL,
  `debit_amt` int(10) unsigned NOT NULL,
  `debit_reason` varchar(200) default NULL,
  PRIMARY KEY  (`fare_debit_id`)
) ENGINE=InnoDB DEFAULT CHARSET=latin1;

--
-- Dumping data for table `fare_debit`
--

/*!40000 ALTER TABLE `fare_debit` DISABLE KEYS */;
/*!40000 ALTER TABLE `fare_debit` ENABLE KEYS */;


--
-- Definition of table `fare_rule`
--

DROP TABLE IF EXISTS `fare_rule`;
CREATE TABLE `fare_rule` (
  `fare_id` int(10) unsigned NOT NULL auto_increment,
  `source_id` int(10) unsigned NOT NULL,
  `agent_destination_id` int(10) unsigned NOT NULL,
  `box_id` int(10) unsigned NOT NULL,
  `item_id` int(10) unsigned NOT NULL,
  `fare` double NOT NULL,
  PRIMARY KEY  (`fare_id`)
) ENGINE=InnoDB AUTO_INCREMENT=27 DEFAULT CHARSET=latin1;

--
-- Dumping data for table `fare_rule`
--

/*!40000 ALTER TABLE `fare_rule` DISABLE KEYS */;
INSERT INTO `fare_rule` (`fare_id`,`source_id`,`agent_destination_id`,`box_id`,`item_id`,`fare`) VALUES 
 (15,35,1,1,1,10),
 (16,35,1,2,1,20),
 (17,35,1,2,2,67.5),
 (18,35,2,1,1,67),
 (19,35,1,9,1,0),
 (20,35,3,2,1,56),
 (21,36,1,4,1,34),
 (22,35,1,3,2,56.5),
 (23,35,2,3,2,67),
 (24,35,6,3,2,67),
 (25,35,6,3,1,60),
 (26,35,2,2,1,98);
/*!40000 ALTER TABLE `fare_rule` ENABLE KEYS */;


--
-- Definition of table `item_details`
--

DROP TABLE IF EXISTS `item_details`;
CREATE TABLE `item_details` (
  `item_id` int(10) unsigned NOT NULL auto_increment,
  `item_name` varchar(45) NOT NULL,
  PRIMARY KEY  (`item_id`)
) ENGINE=InnoDB AUTO_INCREMENT=4 DEFAULT CHARSET=latin1;

--
-- Dumping data for table `item_details`
--

/*!40000 ALTER TABLE `item_details` DISABLE KEYS */;
INSERT INTO `item_details` (`item_id`,`item_name`) VALUES 
 (1,'Grape'),
 (2,'Anar'),
 (3,'Onion');
/*!40000 ALTER TABLE `item_details` ENABLE KEYS */;


--
-- Definition of table `lot_book`
--

DROP TABLE IF EXISTS `lot_book`;
CREATE TABLE `lot_book` (
  `lot_id` int(10) unsigned NOT NULL auto_increment,
  `challan_id` int(10) unsigned NOT NULL,
  `trader_id` int(10) unsigned NOT NULL,
  `item_id` int(10) unsigned NOT NULL,
  `total_qty` int(10) unsigned NOT NULL,
  `total_wt` int(10) unsigned NOT NULL,
  `box_id` int(10) unsigned NOT NULL,
  `crte_tms` datetime NOT NULL,
  `session_id` varchar(45) NOT NULL,
  `is_Distributed` varchar(45) default NULL,
  `receiver` varchar(45) default NULL,
  `source_id` int(10) unsigned NOT NULL,
  PRIMARY KEY  (`lot_id`)
) ENGINE=InnoDB AUTO_INCREMENT=90 DEFAULT CHARSET=latin1;

--
-- Dumping data for table `lot_book`
--

/*!40000 ALTER TABLE `lot_book` DISABLE KEYS */;
INSERT INTO `lot_book` (`lot_id`,`challan_id`,`trader_id`,`item_id`,`total_qty`,`total_wt`,`box_id`,`crte_tms`,`session_id`,`is_Distributed`,`receiver`,`source_id`) VALUES 
 (45,7,3,2,13,120,1,'2020-02-21 15:49:09','F06D2BB03CD0126CD3BD8D89C5F89DC0','N','',0),
 (46,8,1,2,45,900,2,'2020-02-21 15:51:31','F06D2BB03CD0126CD3BD8D89C5F89DC0','N','',0),
 (47,8,1,1,12,240,2,'2020-02-21 15:51:31','F06D2BB03CD0126CD3BD8D89C5F89DC0','N','',0),
 (48,8,2,1,45,500,2,'2020-02-21 15:51:31','F06D2BB03CD0126CD3BD8D89C5F89DC0','N','',0),
 (49,9,2,1,89,1780,2,'2020-02-22 02:19:20','7A5EEF275704AB5F1642BC1D58E062CB','N','',0),
 (50,9,1,2,12,120,3,'2020-02-22 02:19:20','7A5EEF275704AB5F1642BC1D58E062CB','N','',0),
 (51,10,3,1,34,340,1,'2020-02-22 02:25:27','7A5EEF275704AB5F1642BC1D58E062CB','N','',0),
 (52,10,3,1,56,1120,2,'2020-02-22 02:25:27','7A5EEF275704AB5F1642BC1D58E062CB','N','',0),
 (53,10,4,2,78,780,3,'2020-02-22 02:25:27','7A5EEF275704AB5F1642BC1D58E062CB','N','',0),
 (54,10,5,1,67,1340,2,'2020-02-22 02:25:27','7A5EEF275704AB5F1642BC1D58E062CB','N','',0),
 (55,11,1,1,12,120,3,'2020-02-22 02:38:23','1AAEE7A962A3D498AB7D91BABE463CFC','N','',0),
 (56,11,3,1,23,460,2,'2020-02-22 02:38:23','1AAEE7A962A3D498AB7D91BABE463CFC','N','',0),
 (57,11,4,1,25,250,1,'2020-02-22 02:38:23','1AAEE7A962A3D498AB7D91BABE463CFC','N','',0),
 (58,12,4,1,23,460,2,'2020-02-22 18:45:34','17DA1BB11AC4F57C2B675451B36DCBFF','N','',0),
 (59,12,3,2,45,450,1,'2020-02-22 18:45:34','17DA1BB11AC4F57C2B675451B36DCBFF','N','',0),
 (60,12,4,2,23,230,3,'2020-02-22 18:45:34','17DA1BB11AC4F57C2B675451B36DCBFF','N','',0),
 (61,13,3,1,23,460,2,'2020-02-23 00:08:17','8905FE445DB1B453A027D25846C2A533','N','',0),
 (62,14,4,2,34,680,2,'2020-02-23 00:29:39','D6B7A71EC7C44D7A3310C73EA5E0ABB9','N','',0),
 (63,18,1,1,12,120,1,'2020-02-23 22:44:10','D92E9852F25F205BBE61A64095AE813D','N','ZA',0),
 (64,19,4,1,67,1340,2,'2020-02-24 23:38:28','E0CF852CAE5B4B8DBDCF5A00D7B53A58','N','GFC',0),
 (65,20,4,1,23,460,2,'2020-02-26 00:29:17','747229690825219E7555416E7D90D662','N','',0),
 (66,20,2,2,45,900,2,'2020-02-26 00:29:17','747229690825219E7555416E7D90D662','N','',0),
 (67,21,4,1,45,450,1,'2020-02-27 00:48:32','10D27862B58123481F35AE3E2A571148','N','',0),
 (68,21,1,2,23,230,3,'2020-02-27 00:48:32','10D27862B58123481F35AE3E2A571148','N','',0),
 (69,22,1,1,23,460,2,'2020-02-28 21:53:53','246CEC5CC34E818BBC2F2DC4CCB6BC97','N','MZF',0),
 (70,22,3,2,56,1120,2,'2020-02-28 21:53:53','246CEC5CC34E818BBC2F2DC4CCB6BC97','N','',0),
 (71,23,1,1,12,240,2,'2020-03-03 23:48:26','AAB585DE471D8A175AD2C74A47B57B85','N',NULL,0),
 (72,24,1,1,12,120,1,'2020-03-04 23:33:46','AC33672A36AEDD05D954F8DB94284320','N','',0),
 (73,24,3,1,23,230,1,'2020-03-04 23:33:46','AC33672A36AEDD05D954F8DB94284320','N','',0),
 (74,25,2,1,45,450,1,'2020-03-05 23:04:49','76620921A0858D7EE34ACD3887CD01D6','N',NULL,0),
 (75,26,2,2,67,1340,2,'2020-03-06 23:56:14','E889989AF1CB46B0620DF55171F3FB08','N',NULL,0),
 (76,27,4,1,45,900,2,'2020-03-07 01:43:10','6B06EE00790D45D32E57442D745713E6','N','',0),
 (77,27,4,1,25,250,1,'2020-03-07 01:43:10','6B06EE00790D45D32E57442D745713E6','N','',0),
 (78,27,3,2,67,670,3,'2020-03-07 01:43:10','6B06EE00790D45D32E57442D745713E6','N','',0),
 (79,27,5,2,12,240,2,'2020-03-07 01:43:10','6B06EE00790D45D32E57442D745713E6','N','',0),
 (80,28,2,1,12,48,9,'2020-03-07 01:47:18','6B06EE00790D45D32E57442D745713E6','N',NULL,0),
 (81,29,6,1,25,250,1,'2020-03-10 23:09:33','F3E965C1388C237D3AFC81C58929910D','N',NULL,0),
 (82,30,6,1,25,250,1,'2020-03-10 23:10:09','F3E965C1388C237D3AFC81C58929910D','N',NULL,0),
 (83,31,5,2,125,1250,3,'2020-03-10 23:24:06','EA1DF975227C4499D989A753D6B80ADE','N',NULL,0),
 (84,32,2,1,98,980,3,'2020-03-11 09:54:20','AF56127C80C342FD284DFD41DBAD015B','N',NULL,0),
 (85,33,2,2,34,340,1,'2020-03-11 21:33:31','5A0A910573947C31271065D58EA3ED94','N','',0),
 (86,33,4,2,67,670,3,'2020-03-11 21:33:31','5A0A910573947C31271065D58EA3ED94','N','',0),
 (87,36,3,1,67,1340,2,'2020-03-15 22:29:00','91E51BADBB1CD94EC439E2B2D57E8400','N','',35),
 (88,36,3,1,112,1120,1,'2020-03-15 22:29:00','91E51BADBB1CD94EC439E2B2D57E8400','N','',35),
 (89,36,2,1,46,450,3,'2020-03-15 22:29:00','91E51BADBB1CD94EC439E2B2D57E8400','N','',35);
/*!40000 ALTER TABLE `lot_book` ENABLE KEYS */;


--
-- Definition of table `source_details`
--

DROP TABLE IF EXISTS `source_details`;
CREATE TABLE `source_details` (
  `source_id` int(10) unsigned NOT NULL auto_increment,
  `source_name` varchar(45) NOT NULL,
  PRIMARY KEY  (`source_id`)
) ENGINE=InnoDB AUTO_INCREMENT=38 DEFAULT CHARSET=latin1;

--
-- Dumping data for table `source_details`
--

/*!40000 ALTER TABLE `source_details` DISABLE KEYS */;
INSERT INTO `source_details` (`source_id`,`source_name`) VALUES 
 (35,'Nasik'),
 (36,'Pune'),
 (37,'Mumbai');
/*!40000 ALTER TABLE `source_details` ENABLE KEYS */;


--
-- Definition of table `sub_lot_book`
--

DROP TABLE IF EXISTS `sub_lot_book`;
CREATE TABLE `sub_lot_book` (
  `sub_lot_id` int(10) unsigned NOT NULL auto_increment,
  `lot_id` int(10) unsigned NOT NULL,
  `total_qty` int(11) NOT NULL,
  `agent_destination_id` int(11) NOT NULL,
  `crte_tms` datetime NOT NULL,
  `session_id` varchar(45) NOT NULL,
  `agent_id` int(10) unsigned NOT NULL,
  `receiving_date` date NOT NULL,
  PRIMARY KEY  (`sub_lot_id`)
) ENGINE=InnoDB AUTO_INCREMENT=45 DEFAULT CHARSET=latin1;

--
-- Dumping data for table `sub_lot_book`
--

/*!40000 ALTER TABLE `sub_lot_book` DISABLE KEYS */;
INSERT INTO `sub_lot_book` (`sub_lot_id`,`lot_id`,`total_qty`,`agent_destination_id`,`crte_tms`,`session_id`,`agent_id`,`receiving_date`) VALUES 
 (17,45,12,1,'2020-02-25 00:31:53','43F43BE157633797B42C1E3C51166B65',1,'2020-02-25'),
 (18,46,33,1,'2020-02-25 00:51:01','43F43BE157633797B42C1E3C51166B65',1,'2020-02-25'),
 (19,46,12,2,'2020-02-25 00:51:23','43F43BE157633797B42C1E3C51166B65',2,'2020-02-25'),
 (20,47,12,2,'2020-02-25 01:05:23','43F43BE157633797B42C1E3C51166B65',2,'2020-02-18'),
 (21,48,25,2,'2020-02-25 10:10:54','B187D77C2C1E167FCF07B7402821156F',2,'2020-02-25'),
 (22,50,12,1,'2020-02-25 10:42:15','3FF894F41AAFBD3AE7174F94031F8854',1,'2020-02-25'),
 (23,64,34,1,'2020-02-26 00:29:56','747229690825219E7555416E7D90D662',1,'2020-02-28'),
 (24,49,34,2,'2020-02-26 00:30:29','747229690825219E7555416E7D90D662',2,'2020-02-29'),
 (25,49,55,1,'2020-02-26 00:31:07','747229690825219E7555416E7D90D662',1,'2020-02-26'),
 (26,51,34,2,'2020-02-27 00:45:00','476965682EF09F035634A36E188BFFB0',2,'2020-02-27'),
 (27,52,33,1,'2020-02-27 00:49:17','10D27862B58123481F35AE3E2A571148',1,'2020-02-29'),
 (28,54,34,2,'2020-02-27 09:20:53','3360E27A8F5B36AA07544EFA69143D4B',2,'2020-02-29'),
 (29,69,10,1,'2020-02-28 21:55:22','246CEC5CC34E818BBC2F2DC4CCB6BC97',1,'2020-02-29'),
 (30,69,13,2,'2020-02-28 21:56:09','246CEC5CC34E818BBC2F2DC4CCB6BC97',2,'2020-02-29'),
 (31,71,12,1,'2020-03-03 23:52:17','AAB585DE471D8A175AD2C74A47B57B85',1,'2020-03-27'),
 (32,72,12,1,'2020-03-04 23:34:06','AC33672A36AEDD05D954F8DB94284320',1,'2020-03-05'),
 (33,73,12,1,'2020-03-04 23:45:54','AC33672A36AEDD05D954F8DB94284320',1,'2020-03-04'),
 (34,73,11,2,'2020-03-04 23:46:14','AC33672A36AEDD05D954F8DB94284320',2,'2020-03-06'),
 (35,74,33,1,'2020-03-05 23:11:16','335456753EB220DD3FA4A7BBAACF1FB2',1,'2020-03-07'),
 (36,74,12,1,'2020-03-06 23:53:21','E889989AF1CB46B0620DF55171F3FB08',1,'2020-03-06'),
 (37,75,33,1,'2020-03-06 23:56:31','E889989AF1CB46B0620DF55171F3FB08',1,'2020-03-08'),
 (38,75,34,1,'2020-03-07 01:43:53','6B06EE00790D45D32E57442D745713E6',1,'2020-03-09'),
 (39,80,12,1,'2020-03-07 01:47:40','6B06EE00790D45D32E57442D745713E6',1,'2020-03-09'),
 (40,76,33,1,'2020-03-07 20:01:33','A9FD754DD24CD7B4DED94107F01BFC4E',1,'2020-03-26'),
 (41,76,12,3,'2020-03-07 20:04:19','A9FD754DD24CD7B4DED94107F01BFC4E',3,'2020-03-07'),
 (42,78,12,1,'2020-03-08 17:28:59','B1AFC2D81D5E7746201E243BA0724B96',1,'2020-03-08'),
 (43,78,55,2,'2020-03-08 17:29:23','B1AFC2D81D5E7746201E243BA0724B96',2,'2020-03-08'),
 (44,77,25,3,'2020-03-11 09:55:13','AF56127C80C342FD284DFD41DBAD015B',3,'2020-03-14');
/*!40000 ALTER TABLE `sub_lot_book` ENABLE KEYS */;


--
-- Definition of table `trader_details`
--

DROP TABLE IF EXISTS `trader_details`;
CREATE TABLE `trader_details` (
  `trader_id` int(10) unsigned NOT NULL auto_increment,
  `trader_name` varchar(45) NOT NULL,
  `trader_address` varchar(120) default NULL,
  `trader_mobile` int(10) unsigned NOT NULL,
  `trader_mark` varchar(45) NOT NULL,
  PRIMARY KEY  (`trader_id`)
) ENGINE=InnoDB AUTO_INCREMENT=8 DEFAULT CHARSET=latin1;

--
-- Dumping data for table `trader_details`
--

/*!40000 ALTER TABLE `trader_details` DISABLE KEYS */;
INSERT INTO `trader_details` (`trader_id`,`trader_name`,`trader_address`,`trader_mobile`,`trader_mark`) VALUES 
 (2,'Rahat','Gaya Bihar',1234567890,'RA'),
 (3,'Iftekhar','',1234567890,'IFT'),
 (4,'Danish','',1234567890,'DGA'),
 (5,'Jawed','Kulti',1234567890,'JB'),
 (6,'Raju','Bihar',1234567890,'RJ'),
 (7,'Murtaza','Manpur Gaya',1234567890,'MRZ');
/*!40000 ALTER TABLE `trader_details` ENABLE KEYS */;


--
-- Definition of table `user_credential`
--

DROP TABLE IF EXISTS `user_credential`;
CREATE TABLE `user_credential` (
  `user_id` int(10) unsigned NOT NULL,
  `username` varchar(20) NOT NULL,
  `password` varchar(100) default NULL,
  `active` varchar(1) NOT NULL default 'N',
  PRIMARY KEY  USING BTREE (`username`)
) ENGINE=InnoDB DEFAULT CHARSET=latin1;

--
-- Dumping data for table `user_credential`
--

/*!40000 ALTER TABLE `user_credential` DISABLE KEYS */;
INSERT INTO `user_credential` (`user_id`,`username`,`password`,`active`) VALUES 
 (4,'mussu','$2a$10$J2Gd7n6ur.4dNpnh32rAa.uxlGE9HIQlPIfPjPeoEmzpAFN6zDIv.','Y'),
 (5,'rahat','$2a$10$ScOzWvIRuACJTNQWr0bPrOruvJ4HEzecRpHYZO12sxO8tHKaovox2','Y');
/*!40000 ALTER TABLE `user_credential` ENABLE KEYS */;


--
-- Definition of table `user_credential_user_role`
--

DROP TABLE IF EXISTS `user_credential_user_role`;
CREATE TABLE `user_credential_user_role` (
  `username` varchar(40) NOT NULL,
  `user_role_id` int(10) unsigned NOT NULL,
  `roles_user_role_id` varchar(45) NOT NULL,
  PRIMARY KEY  USING BTREE (`username`,`user_role_id`)
) ENGINE=InnoDB DEFAULT CHARSET=latin1;

--
-- Dumping data for table `user_credential_user_role`
--

/*!40000 ALTER TABLE `user_credential_user_role` DISABLE KEYS */;
INSERT INTO `user_credential_user_role` (`username`,`user_role_id`,`roles_user_role_id`) VALUES 
 ('mussu',2,'2'),
 ('mussu',3,'3'),
 ('rahat',1,'1');
/*!40000 ALTER TABLE `user_credential_user_role` ENABLE KEYS */;


--
-- Definition of table `user_details`
--

DROP TABLE IF EXISTS `user_details`;
CREATE TABLE `user_details` (
  `user_id` int(10) unsigned NOT NULL,
  `user_name` varchar(45) NOT NULL,
  `first_name` varchar(45) NOT NULL,
  `last_name` varchar(45) NOT NULL,
  `address` varchar(45) NOT NULL,
  `mobile_no` varchar(45) NOT NULL,
  `email_id` varchar(45) NOT NULL,
  PRIMARY KEY  (`user_id`,`user_name`)
) ENGINE=InnoDB DEFAULT CHARSET=latin1;

--
-- Dumping data for table `user_details`
--

/*!40000 ALTER TABLE `user_details` DISABLE KEYS */;
INSERT INTO `user_details` (`user_id`,`user_name`,`first_name`,`last_name`,`address`,`mobile_no`,`email_id`) VALUES 
 (4,'mussu','Musarrat','Jahan','Purnea','8087561312','mussu@gmail.com');
/*!40000 ALTER TABLE `user_details` ENABLE KEYS */;


--
-- Definition of table `user_event`
--

DROP TABLE IF EXISTS `user_event`;
CREATE TABLE `user_event` (
  `event_id` int(10) unsigned NOT NULL auto_increment,
  `lastLogin` datetime NOT NULL,
  `username` varchar(45) NOT NULL,
  `lastLogout` datetime default NULL,
  `session_id` varchar(45) NOT NULL,
  PRIMARY KEY  (`event_id`)
) ENGINE=InnoDB AUTO_INCREMENT=968 DEFAULT CHARSET=latin1;

--
-- Dumping data for table `user_event`
--

/*!40000 ALTER TABLE `user_event` DISABLE KEYS */;
INSERT INTO `user_event` (`event_id`,`lastLogin`,`username`,`lastLogout`,`session_id`) VALUES 
 (548,'2020-02-21 12:34:51','mussu','2020-02-21 12:35:26','F861F0D228D4AE5A56F99C3B36954A7D'),
 (549,'2020-02-21 13:00:55','mussu','2020-02-21 13:01:06','692DC6D386948E2EAC3A40356CFA373F'),
 (550,'2020-02-21 13:07:45','mussu',NULL,'A59F0412B9557636F0F599052A84FA63'),
 (551,'2020-02-21 13:28:52','mussu',NULL,'AED0FFAEA823D4436B9904B1CA05F443'),
 (552,'2020-02-21 13:30:36','mussu',NULL,'D48D7638A5CA042F9023391E7CCAACE1'),
 (553,'2020-02-21 13:32:59','mussu',NULL,'CE6609930A3864CA6F8E7A665FF3CE62'),
 (554,'2020-02-21 13:37:55','mussu',NULL,'6117835507A4BCF688E3AF0A2F51C394'),
 (555,'2020-02-21 14:06:57','mussu',NULL,'9D7C2B200D777AC58937240BED6BEB2E'),
 (556,'2020-02-21 14:09:36','mussu',NULL,'DC8F0A2E49CC9B8892007673DC89C06F'),
 (557,'2020-02-21 14:11:05','mussu',NULL,'72815BB4CABCF4E2D92081904656624F'),
 (558,'2020-02-21 15:48:51','mussu',NULL,'F06D2BB03CD0126CD3BD8D89C5F89DC0'),
 (559,'2020-02-21 18:58:11','mussu',NULL,'87AAA4246B9C012C3DBD97FD05135B76'),
 (560,'2020-02-21 21:34:03','mussu',NULL,'169F4ED40AC2861CF76E980606BE5094'),
 (561,'2020-02-21 22:55:23','mussu',NULL,'BE1B71E601EC12A3FC218E412396B4B6'),
 (562,'2020-02-21 23:08:46','mussu',NULL,'2E810AC87C294E96467A51B3907D00C0'),
 (563,'2020-02-21 23:14:30','mussu',NULL,'EDE2B14AB370FE1065FD7279B9A64BAC'),
 (564,'2020-02-21 23:15:28','mussu',NULL,'0786559E84513BCD7D3F5BDDB1F18F90'),
 (565,'2020-02-22 00:07:39','mussu',NULL,'B0DC71796067F7903498A334AF3A1028'),
 (566,'2020-02-22 01:55:20','mussu',NULL,'B481682203BCCF9EA22629EAAC422B8B'),
 (567,'2020-02-22 01:59:28','mussu',NULL,'3A5E7B6125696BEC3206CD77B8BF2AC4'),
 (568,'2020-02-22 02:05:22','mussu',NULL,'89F4F275787F3C3F6B780F0C5071AD2E'),
 (569,'2020-02-22 02:07:20','mussu',NULL,'EA75E40F7DAEFECBBCD848A92DC9B4A7'),
 (570,'2020-02-22 02:10:38','mussu',NULL,'A65A58DDF15A7D73B2148969E072EB22'),
 (571,'2020-02-22 02:18:33','mussu','2020-02-22 02:31:10','7A5EEF275704AB5F1642BC1D58E062CB'),
 (572,'2020-02-22 02:36:43','mussu',NULL,'1AAEE7A962A3D498AB7D91BABE463CFC'),
 (573,'2020-02-22 09:42:18','mussu',NULL,'7EA712333510DF1E2E96B12E57BAFFD0'),
 (574,'2020-02-22 10:26:35','mussu',NULL,'5B2C8B59CAE7BAB4A889A17D617D16B2'),
 (575,'2020-02-22 10:28:39','mussu',NULL,'F913209D9428713280AC31143BBF5F75'),
 (576,'2020-02-22 10:32:10','mussu',NULL,'3C72A7063E8A6E48912E33396FE190B2'),
 (577,'2020-02-22 10:46:53','mussu',NULL,'E5DCCCC763B67CE2BE62C248800E2117'),
 (578,'2020-02-22 10:53:20','mussu',NULL,'DA914F721B46831EF12D1CECBF07CF3C'),
 (579,'2020-02-22 11:21:40','mussu',NULL,'721DD32FBB14AE0D7832B0479AF86C8C'),
 (580,'2020-02-22 11:22:23','mussu',NULL,'3A2D6F1EC364198EB4E9A4CAA77F2A7F'),
 (581,'2020-02-22 11:33:42','mussu',NULL,'296AFEDFAEE2558FBBD3FAB4DA84CBF0'),
 (582,'2020-02-22 11:45:05','mussu',NULL,'4722ABDCA26E191EAE0314A0DE39A59D'),
 (583,'2020-02-22 12:21:21','mussu',NULL,'B11A10D36C8D8DBF95427A9B61EAF8A7'),
 (584,'2020-02-22 12:22:56','mussu',NULL,'0A4F630D7AFD5717087A84507B0E4B63'),
 (585,'2020-02-22 12:31:39','mussu',NULL,'B9095EE1DE3DD953B82196E172EC0567'),
 (586,'2020-02-22 12:54:24','mussu',NULL,'5ED2FA98013086FBDA0839C452277002'),
 (587,'2020-02-22 14:04:29','mussu',NULL,'483727E4A8F691AB852797BB86CF3EB6'),
 (588,'2020-02-22 14:07:51','mussu',NULL,'CABEF9F8D7D36BB8A8EFD104D1DA8E36'),
 (589,'2020-02-22 14:18:09','mussu',NULL,'C8B5A72EA4A5118F338B229DEC2B1EA5'),
 (590,'2020-02-22 14:52:47','mussu',NULL,'387D2D4A834191BA5375A91BA032B7FE'),
 (591,'2020-02-22 14:54:47','mussu',NULL,'6ACA79996FE74F5B9F7C495EC78FB2DC'),
 (592,'2020-02-22 14:58:05','mussu',NULL,'29F852C0C481874B7073320939467BD2'),
 (593,'2020-02-22 17:52:43','mussu',NULL,'08D5696280B15D9D2A007B697EEF62AE'),
 (594,'2020-02-22 18:14:22','mussu',NULL,'6BF6D0BB9BA92600DE7A1F5568E6CED2'),
 (595,'2020-02-22 18:26:59','mussu',NULL,'B4C6D9A60711707EF47E0784B612B0AA'),
 (596,'2020-02-22 18:30:48','mussu',NULL,'EA7E21D5ADF754F087D4A04107EBD0C0'),
 (597,'2020-02-22 18:32:37','mussu',NULL,'FE311AAF95B4979A9B33E1326C2AB1A7'),
 (598,'2020-02-22 18:34:44','mussu',NULL,'4E6F25488C33599C9DE0049D6598E517'),
 (599,'2020-02-22 18:38:28','mussu',NULL,'17DA1BB11AC4F57C2B675451B36DCBFF'),
 (600,'2020-02-22 18:54:20','mussu',NULL,'5CB5001F0B89F0321C7DDC8571EA721E'),
 (601,'2020-02-22 18:57:26','mussu',NULL,'C9FC7450B5FC1DA9B60ADA9031683087'),
 (602,'2020-02-22 19:14:15','mussu',NULL,'41B786B2292B27021F3B9C497C19B6DF'),
 (603,'2020-02-22 19:17:11','mussu',NULL,'E50B57F9FE12546CCC1D4D32F9F9DE86'),
 (604,'2020-02-22 19:19:03','mussu',NULL,'ED69F9D65AA74E973CAB91B24588EDF5'),
 (605,'2020-02-22 19:31:03','mussu',NULL,'3021F368EAFF6B5CB52F80AB7C212D86'),
 (606,'2020-02-22 19:35:44','mussu',NULL,'0D17AFCF7DF98C182D0F864971277988'),
 (607,'2020-02-22 19:37:12','mussu',NULL,'39611A32B5B56DEA1D91FE87EC0FD9CD'),
 (608,'2020-02-22 19:44:22','mussu',NULL,'73B3EF4E7E9EA194D95A66D909FC845C'),
 (609,'2020-02-22 19:59:46','mussu',NULL,'902090394C967F7ED14BE31423925FCA'),
 (610,'2020-02-22 20:13:59','mussu',NULL,'43691DE9B7797A838D9B85F3B2B0212A'),
 (611,'2020-02-22 20:16:00','mussu',NULL,'404D4B60CD5646F508C757E6A02D18E3'),
 (612,'2020-02-22 20:22:07','mussu',NULL,'93974821A410356C9B4184A31255CD9D'),
 (613,'2020-02-22 20:24:20','mussu',NULL,'CDFF51317DED5A2E874B12D814BCB1B6'),
 (614,'2020-02-22 20:29:40','mussu',NULL,'F4D327EFB48D3B9B0C6F512C937B6C96'),
 (615,'2020-02-22 20:33:55','mussu',NULL,'9A1B871A68441003617AAD2FF0D921F0'),
 (616,'2020-02-22 21:27:21','mussu',NULL,'74559DE3737837C8CDC5A4510245E3F5'),
 (617,'2020-02-22 21:31:48','mussu',NULL,'4D2B07439039A10B828C507706B9F9EA'),
 (618,'2020-02-22 21:42:38','mussu',NULL,'3B6C6548CF6B3735FD0392629296866C'),
 (619,'2020-02-23 00:01:39','mussu',NULL,'82B4FE351BB66FCE15A1BE9E92866767'),
 (620,'2020-02-23 00:07:41','mussu',NULL,'8905FE445DB1B453A027D25846C2A533'),
 (621,'2020-02-23 00:09:13','mussu',NULL,'884B2029899B8A3843B4EB4011DD25B0'),
 (622,'2020-02-23 00:15:38','mussu',NULL,'706F405E99E86FE2F24096222A8571B1'),
 (623,'2020-02-23 00:17:44','mussu',NULL,'796AFB9A6960D9F1BC2A251E97B340D8'),
 (624,'2020-02-23 00:25:48','mussu',NULL,'D6B7A71EC7C44D7A3310C73EA5E0ABB9'),
 (625,'2020-02-23 00:35:48','mussu',NULL,'99DE644828B5233E614F5EA259B39430'),
 (626,'2020-02-23 00:36:57','mussu',NULL,'A42F93E0BB86B8C5FBC44377775752CC'),
 (627,'2020-02-23 01:51:29','mussu',NULL,'2D30E29207C35AB7922531374C1E4D93'),
 (628,'2020-02-23 01:57:16','mussu',NULL,'63D01BE0CF4A588A7A4D1432DB20EC12'),
 (629,'2020-02-23 09:56:50','mussu',NULL,'22DA86B825A6EFEDE46476595B520066'),
 (630,'2020-02-23 10:00:40','mussu',NULL,'BF4C082DCE8A7D539EC3A81E488F30A0'),
 (631,'2020-02-23 10:12:03','mussu',NULL,'974B802C5F5B8FB53CD68114803AA8C5'),
 (632,'2020-02-23 10:13:41','mussu',NULL,'B110232C36AE38663B9CA9E0FBD5E46D'),
 (633,'2020-02-23 10:15:13','mussu',NULL,'A0233E5DE150B50B29AEEEA1CCD8EDD9'),
 (634,'2020-02-23 10:25:20','mussu',NULL,'29F4E1F9CAB33534F0CD436329E31354'),
 (635,'2020-02-23 10:27:24','mussu',NULL,'F18997E808FCE72564699C4B6361F77A'),
 (636,'2020-02-23 10:50:30','mussu',NULL,'F0B868D75BE823959721FB8F4D8B55CD'),
 (637,'2020-02-23 11:38:22','mussu',NULL,'1019C87A9EADBBD28F7960D200902843'),
 (638,'2020-02-23 11:58:25','mussu',NULL,'07E7A0005BC17C079EF65907544C3E44'),
 (639,'2020-02-23 12:09:08','mussu',NULL,'B3C3E1FF7BF1EAF57F8C795657D0391C'),
 (640,'2020-02-23 12:12:26','mussu',NULL,'3AA8A114F690EB058B1B8506E37EDC72'),
 (641,'2020-02-23 12:35:36','mussu',NULL,'53282D07C0DFF7581E344BD41F74C7FD'),
 (642,'2020-02-23 12:36:54','mussu',NULL,'84878518024FF2F5371C7A4E45A98B26'),
 (643,'2020-02-23 12:55:10','mussu',NULL,'25EBE4E61384291BEFC5DBD93A376384'),
 (644,'2020-02-23 13:03:09','mussu',NULL,'6F558C3B0B1DE40759ABD2CC23A19C40'),
 (645,'2020-02-23 13:07:24','mussu',NULL,'5773F33D36B9A4C0687E74030DC6A2F6'),
 (646,'2020-02-23 13:15:48','mussu',NULL,'536C4187D06C19A3D273806DDAD9A23F'),
 (647,'2020-02-23 13:18:59','mussu',NULL,'8A10F6F225C3ABB45BACA5E24EF95A7A'),
 (648,'2020-02-23 13:28:08','mussu',NULL,'CBBEC14D8351359240F0A9C982D6A3E5'),
 (649,'2020-02-23 13:34:39','mussu',NULL,'4B2E7047C28D0B7D4A4FB51CF55F956C'),
 (650,'2020-02-23 13:36:08','mussu',NULL,'CEC93B56014E14F4F0A11F193D0ABA6C'),
 (651,'2020-02-23 14:41:22','mussu',NULL,'262F51FAADA548D340121B722AC3D62A'),
 (652,'2020-02-23 15:17:42','mussu','2020-02-23 15:18:08','7FEE4A67F863E8CCD44881FF8A186FDF'),
 (653,'2020-02-23 15:17:42','mussu','2020-02-23 15:18:08','7FEE4A67F863E8CCD44881FF8A186FDF'),
 (654,'2020-02-23 15:18:11','mussu',NULL,'7782AB3D11508F698EA2CC470FEC1844'),
 (655,'2020-02-23 15:42:10','mussu',NULL,'288D1C285E343FE92B20D0AD6B78D60A'),
 (656,'2020-02-23 22:37:36','mussu',NULL,'B6D76A7D88A59547CB668A4297CF679D'),
 (657,'2020-02-23 22:40:16','mussu',NULL,'057F1EEA662DB521F118FCBB2094DCA9'),
 (658,'2020-02-23 22:43:20','mussu',NULL,'D92E9852F25F205BBE61A64095AE813D'),
 (659,'2020-02-23 22:49:35','mussu',NULL,'F8C85C0BBEA5B82A30ACF30B3F86E19C'),
 (660,'2020-02-23 23:00:10','mussu',NULL,'307140038EAC104CA0B97689218F2E48'),
 (661,'2020-02-23 23:13:57','mussu',NULL,'064E1F05D304912EB668940FEF2A9D02'),
 (662,'2020-02-24 00:25:03','mussu',NULL,'BF8D5BA4EEC1D57124B7D27EED663D8B'),
 (663,'2020-02-24 00:27:03','mussu',NULL,'5618A16E30851E5A99ECD65B300CAE5A'),
 (664,'2020-02-24 08:54:36','mussu',NULL,'D605FBAA5FCF368288C23DA150995BA7'),
 (665,'2020-02-24 09:15:06','mussu',NULL,'4445A201EE3634B122856BC24FED9332'),
 (666,'2020-02-24 09:25:44','mussu',NULL,'6DD95573AED064A51CF90CB1EE50D304'),
 (667,'2020-02-24 09:30:21','mussu',NULL,'0B7E8BF1ED5C2AF8C7278E9793D8C350'),
 (668,'2020-02-24 10:09:41','mussu',NULL,'CEBE5BCD8092A3352B7ED1CA3821905B'),
 (669,'2020-02-24 10:27:31','mussu',NULL,'DF7AFB0F3312AC0E3587FCB340D7B68D'),
 (670,'2020-02-24 10:28:49','mussu',NULL,'8A1C0C1DF679395EC12FF54895AA0899'),
 (671,'2020-02-24 10:44:13','mussu',NULL,'E117EC75D8C7BBDA01D4E65866C27CF9'),
 (672,'2020-02-24 22:42:57','mussu','2020-02-24 22:47:44','1A976AD3D733B4DD752429138E03564D'),
 (673,'2020-02-24 22:48:06','mussu','2020-02-24 22:51:25','390518C221B14F3CE2F9742FEE409834'),
 (674,'2020-02-24 22:51:35','mussu',NULL,'E0CF852CAE5B4B8DBDCF5A00D7B53A58'),
 (675,'2020-02-24 23:43:23','mussu',NULL,'30FB88F66F3649AEC929EECBED33D1ED'),
 (676,'2020-02-24 23:45:59','mussu',NULL,'3B9E45487816A56144866175D5D7088C'),
 (677,'2020-02-25 00:06:20','mussu',NULL,'0BD6E64DE9E3F733754E4792E9D60CD6'),
 (678,'2020-02-25 00:10:33','mussu',NULL,'9B61F46183FDFDA495F0C4BEA64AC962'),
 (679,'2020-02-25 00:31:12','mussu',NULL,'43F43BE157633797B42C1E3C51166B65'),
 (680,'2020-02-25 09:09:09','mussu',NULL,'8416B0E7C2402DB9B406F569FC026EA8'),
 (681,'2020-02-25 09:21:12','mussu',NULL,'3D7E10ACDFD555970660970E39EFDD8D'),
 (682,'2020-02-25 09:29:29','mussu',NULL,'AB395EE0C5E524D3C438646A700FA255'),
 (683,'2020-02-25 09:39:24','mussu',NULL,'3B53471CAACD20DA4739E1B9E383D2E8'),
 (684,'2020-02-25 09:50:16','mussu',NULL,'B187D77C2C1E167FCF07B7402821156F'),
 (685,'2020-02-25 10:14:15','mussu','2020-02-25 10:41:41','944986C907F1BC448513990BE37817E8'),
 (686,'2020-02-25 10:41:45','mussu',NULL,'3FF894F41AAFBD3AE7174F94031F8854'),
 (687,'2020-02-25 21:30:20','mussu',NULL,'4401F434B2420745B2BF7BB03B28CA1F'),
 (688,'2020-02-25 21:58:05','mussu',NULL,'01AA838D2DE1AA93AE2376ED3C1DAFFE'),
 (689,'2020-02-26 00:13:14','mussu',NULL,'B4C0320AA5583A6FFEF7221B981BEE22'),
 (690,'2020-02-26 00:23:10','mussu',NULL,'589AD3C02193AC38319F1F82BBD503B4'),
 (691,'2020-02-26 00:25:43','mussu',NULL,'96E649F8F4ADEBE1C3B7424B521FD66D'),
 (692,'2020-02-26 00:28:13','mussu',NULL,'747229690825219E7555416E7D90D662'),
 (693,'2020-02-26 21:01:03','mussu',NULL,'C964400B853F881D012D4C99D639A52B'),
 (694,'2020-02-26 21:06:04','mussu',NULL,'1ADC7633FAF20110DA7399E6FF6EA247'),
 (695,'2020-02-26 21:13:22','mussu',NULL,'A06FD82AE508B5445D27B466F59D930C'),
 (696,'2020-02-26 21:18:58','mussu',NULL,'627F1721D4657435C7FB54D111500B7E'),
 (697,'2020-02-26 21:35:18','mussu',NULL,'D883A4A9C4580D192ECDF1751B15D996'),
 (698,'2020-02-26 21:36:08','mussu',NULL,'8913E4061CE8036254B8FC384902C7A9'),
 (699,'2020-02-26 21:50:25','mussu',NULL,'55B5E5F72F255906599241514C907D26'),
 (700,'2020-02-26 21:51:48','mussu',NULL,'9B9543E4B4A4F82E04642D8401C35FA3'),
 (701,'2020-02-26 22:06:23','mussu',NULL,'5BCC2C1499CC12B1251A2AFA86B9F614'),
 (702,'2020-02-26 22:09:30','mussu',NULL,'1792ABC1DDBAE6ED27704289675B8069'),
 (703,'2020-02-26 23:04:50','mussu',NULL,'BC04691BC0292326CFCED52AEFA671E8'),
 (704,'2020-02-26 23:10:30','mussu',NULL,'8E36E7810C6847474EDB1860970E48D4'),
 (705,'2020-02-26 23:29:57','mussu',NULL,'72EEDCD555772B4F5B5E08647C9E19FF'),
 (706,'2020-02-26 23:53:22','mussu',NULL,'1B2540EDC85D529BEC7C42A68DE50B24'),
 (707,'2020-02-26 23:55:19','mussu',NULL,'FB7D0B65202750EBD1C244DABA821722'),
 (708,'2020-02-26 23:57:48','mussu',NULL,'B820B241CCC958F9058BCEB892F78E6F'),
 (709,'2020-02-27 00:08:23','mussu',NULL,'6A263835106A1CADFD06EC1AD5FDA61E'),
 (710,'2020-02-27 00:10:22','mussu',NULL,'26A7A94E9359CA95A2B345A4D1F1D0B4'),
 (711,'2020-02-27 00:23:01','mussu',NULL,'52499209638EA36CFE6B1FC1C975EF28'),
 (712,'2020-02-27 00:38:34','mussu',NULL,'543B9749F1DEF89F9587B08BFC6DB6ED'),
 (713,'2020-02-27 00:43:40','mussu','2020-02-27 00:47:10','476965682EF09F035634A36E188BFFB0'),
 (714,'2020-02-27 00:47:42','mussu',NULL,'10D27862B58123481F35AE3E2A571148'),
 (715,'2020-02-27 09:15:34','mussu','2020-02-27 10:16:03','3360E27A8F5B36AA07544EFA69143D4B'),
 (716,'2020-02-27 10:16:33','mussu',NULL,'7258E3513F08B8291C98E80B7478E02C'),
 (717,'2020-02-27 21:50:00','mussu',NULL,'1DA6B19A8CC4AC5C6FA5A7ECE9A92386'),
 (718,'2020-02-27 23:23:09','mussu',NULL,'717D747FAA84C05D62693847384F8F99'),
 (719,'2020-02-27 23:59:50','mussu',NULL,'758874FAE4E8870024C83531CB3C25B6'),
 (720,'2020-02-28 00:04:28','mussu',NULL,'23B184D9E7F35843630F6741E56AB1E7'),
 (721,'2020-02-28 00:06:25','mussu',NULL,'49A7D4D27C26A6195219DD1695AA4999'),
 (722,'2020-02-28 00:13:56','mussu',NULL,'CB5102948256E5F301D2DE5100B18C97'),
 (723,'2020-02-28 21:49:31','mussu','2020-02-28 21:49:38','0200464DD8FF1DBF3A4E82EADC78603C'),
 (724,'2020-02-28 21:50:57','mussu','2020-02-28 22:07:53','246CEC5CC34E818BBC2F2DC4CCB6BC97'),
 (725,'2020-02-28 22:08:05','rahat','2020-02-28 22:08:26','172CF1CCDDA48B0A1B5D15602CD2CB0E'),
 (726,'2020-02-28 22:10:21','rahat','2020-02-28 22:10:30','6235F321BA3B38A0C59BFD1285B16627'),
 (727,'2020-02-28 22:10:43','mussu',NULL,'CE0C7CDB6AE2A81E84996BEECD527C9B'),
 (728,'2020-02-28 23:13:02','mussu',NULL,'23CC8B569D1425CE07ACC27E50621C0E'),
 (729,'2020-02-28 23:51:54','mussu',NULL,'5EF5C0B4AC5D3EA77901EEDF0C03C8E5'),
 (730,'2020-02-28 23:56:47','mussu',NULL,'9B382E2F949617D1E6C7638E4ECB309C'),
 (731,'2020-03-01 23:00:46','mussu',NULL,'AA6A9D9B87D8F44D380BF831FDFE34C3'),
 (732,'2020-03-02 00:46:00','mussu',NULL,'8FF1E3F6445B0B708578A57E69F2369F'),
 (733,'2020-03-03 00:13:29','mussu',NULL,'7BC812474D8F407C6E3A19549386F8FB'),
 (734,'2020-03-03 00:17:09','mussu',NULL,'CB77C49433F81494AFF603E260C6D7D0'),
 (735,'2020-03-03 00:21:00','mussu',NULL,'FFD2489F8817CB1E801FDE82CE3B8C77'),
 (736,'2020-03-03 00:48:37','mussu',NULL,'88A0262DCF5E25189BC0A306340C699B'),
 (737,'2020-03-03 01:06:16','mussu',NULL,'A1E9E36F8BA8A46BA77DEB76115C67D7'),
 (738,'2020-03-03 01:09:01','mussu',NULL,'2F560DDB931DBC639AB85304AF9A3136'),
 (739,'2020-03-03 01:10:20','mussu',NULL,'992CF9C3391628381DAB3D1F0D923D11'),
 (740,'2020-03-03 01:51:08','mussu',NULL,'EE94A0221A32D73C471D72F0BB8E5212'),
 (741,'2020-03-03 09:49:25','mussu',NULL,'56D9C127FF683E943832260EDA202141'),
 (742,'2020-03-03 10:47:12','mussu',NULL,'B9FBC20EE4FB463F975DF483284465FF'),
 (743,'2020-03-03 22:54:31','mussu',NULL,'D8ECF2930A8A832DF9CBD349CDF1154F'),
 (744,'2020-03-03 23:31:28','mussu',NULL,'3A363A346DE6D377E5DD75E521819CE1'),
 (745,'2020-03-03 23:36:34','mussu',NULL,'AAB585DE471D8A175AD2C74A47B57B85'),
 (746,'2020-03-04 00:34:21','mussu',NULL,'C698BCB2CCCF0CE41BA3E65FF0A9769F'),
 (747,'2020-03-04 00:37:24','mussu',NULL,'B82102D8D29D6DDCC7AA77308E2CA47D'),
 (748,'2020-03-04 00:39:11','mussu',NULL,'F5016B2BEAA5DFB7F4B736FC7CE95588'),
 (749,'2020-03-04 00:50:21','mussu',NULL,'C8257EB83F6D14026405B5276F17C8B2'),
 (750,'2020-03-04 01:00:12','mussu',NULL,'90D885F1B9859A3C9A0AE0EBFA3AA816'),
 (751,'2020-03-04 01:07:58','mussu',NULL,'D80D75ACFBE5B309A83095C79EB3F97C'),
 (752,'2020-03-04 09:31:26','mussu',NULL,'9B8DA5BB122486A31EAC21C08D0AED22'),
 (753,'2020-03-04 10:48:31','mussu',NULL,'8254CE81F76483577C471B8B8C3DDA29'),
 (754,'2020-03-04 10:54:31','mussu',NULL,'E4F236AE3B802E54B0BADF2B8F2CC119'),
 (755,'2020-03-04 21:05:31','mussu',NULL,'133BDFA37F3A19EF79E7A5B008B7C606'),
 (756,'2020-03-04 21:14:22','mussu',NULL,'CBA98D5540F186A12E1ED5EBE76DB387'),
 (757,'2020-03-04 21:32:50','mussu',NULL,'52D4B9F746A990BB17173E0071C15B54'),
 (758,'2020-03-04 21:42:45','mussu',NULL,'73FE09D6530D03E63394BDE337792CEE'),
 (759,'2020-03-04 21:48:09','mussu',NULL,'39D9D3C032089747C923ED6E042F44AB'),
 (760,'2020-03-04 22:53:45','mussu',NULL,'8B06F570D60D5BB71CC1B329B8985095'),
 (761,'2020-03-04 23:03:10','mussu',NULL,'E9B9DB3284BCC014867E56D982E6E308'),
 (762,'2020-03-04 23:08:46','mussu',NULL,'F520D1E7EF534203F2CABF7D9F6B85EB'),
 (763,'2020-03-04 23:09:43','mussu',NULL,'AC33672A36AEDD05D954F8DB94284320'),
 (764,'2020-03-05 00:56:34','mussu',NULL,'B23AD1C56A315A28D29B72FD4363D2DA'),
 (765,'2020-03-05 01:01:09','mussu',NULL,'1D9487DA64BD65BC3A8436750026CCEB'),
 (766,'2020-03-05 01:05:53','mussu',NULL,'19B7DDD9BE56BD8110E1BBA737F04FF5'),
 (767,'2020-03-05 09:44:52','mussu',NULL,'DB4DEB51D08E438361A640F2306C7CB9'),
 (768,'2020-03-05 09:51:34','mussu',NULL,'D9B43C1D4EE85D2BADF8AB910850B6E5'),
 (769,'2020-03-05 09:57:12','mussu',NULL,'D7A906151736429969A9ED84DD6E1D76'),
 (770,'2020-03-05 09:58:48','mussu',NULL,'89FC763DBC9E3576EC9A835E0F04EAB0'),
 (771,'2020-03-05 10:27:32','mussu',NULL,'23BBB0CC8BF8329136FD7688A5B1BEF3'),
 (772,'2020-03-05 10:31:14','mussu',NULL,'A9F865CC26243DD7A6FF4BF9594B3760'),
 (773,'2020-03-05 21:25:26','mussu',NULL,'CACD3E28F1C20D068D003558013E9BE1'),
 (774,'2020-03-05 21:30:48','mussu',NULL,'6D74914AD3A95007643F4FC519FC8F72'),
 (775,'2020-03-05 23:03:48','mussu',NULL,'76620921A0858D7EE34ACD3887CD01D6'),
 (776,'2020-03-05 23:10:01','mussu',NULL,'335456753EB220DD3FA4A7BBAACF1FB2'),
 (777,'2020-03-05 23:12:43','mussu',NULL,'6EAE4DBB995E947493C0DAF494B02484'),
 (778,'2020-03-05 23:15:02','mussu',NULL,'C222F69B6EAE1DFA7FD1711DC10601E6'),
 (779,'2020-03-05 23:44:23','mussu',NULL,'C05992E3F2344FD21D4069398EBDD7BB'),
 (780,'2020-03-05 23:48:32','mussu',NULL,'42B2BD616A837B24337B9EC6C3D911F7'),
 (781,'2020-03-05 23:50:33','mussu',NULL,'7387774637AB20F6D878DE01F3BE3142'),
 (782,'2020-03-06 00:43:39','mussu',NULL,'FC071F849586E37A0C9AA7D6BABA5B71'),
 (783,'2020-03-06 00:49:20','mussu',NULL,'B20270416A38C16B4BF2402FFF53B536'),
 (784,'2020-03-06 00:54:22','mussu',NULL,'917D05E830FE61A282C35F58CF97128E'),
 (785,'2020-03-06 09:34:25','mussu',NULL,'68926B3EABEA20AA45B1E89B20AF9407'),
 (786,'2020-03-06 10:55:00','mussu','2020-03-06 10:55:56','E649F68130F4986C515826890892FCDE'),
 (787,'2020-03-06 23:50:14','mussu','2020-03-07 00:06:25','E889989AF1CB46B0620DF55171F3FB08'),
 (788,'2020-03-07 00:22:22','mussu',NULL,'687B1A128B9D4263F396F17A2DCE71CD'),
 (789,'2020-03-07 00:57:37','mussu','2020-03-07 02:16:02','6B06EE00790D45D32E57442D745713E6'),
 (790,'2020-03-07 02:16:08','mussu',NULL,'B95F7561EC4D835672F064687E23BBD5'),
 (791,'2020-03-07 09:41:39','mussu','2020-03-07 09:54:22','E0B6F772D4CEFE2EADCA9F91CCEBAC4D'),
 (792,'2020-03-07 09:56:06','mussu',NULL,'7D18C0C542CFFB4DC2277BFBE96D7F89'),
 (793,'2020-03-07 10:03:08','mussu',NULL,'26A3A34B519CFB279D0D2754D4DF868A'),
 (794,'2020-03-07 10:54:56','mussu',NULL,'5186E843DFB245566C7CF358C684C62F'),
 (795,'2020-03-07 11:19:06','mussu',NULL,'7C9F403F770921DE4CCF87A49B20BBD9'),
 (796,'2020-03-07 11:21:21','mussu',NULL,'B8797D846AF7F8358726F67E5B0807CA'),
 (797,'2020-03-07 11:27:17','mussu',NULL,'11CE47A58BC1CC222BE3FDC34FF711D2'),
 (798,'2020-03-07 15:18:58','mussu',NULL,'F6DA071624F67EBB83233647E96F6F71'),
 (799,'2020-03-07 15:33:14','mussu',NULL,'2162993A97E31AA20455098159DBDFD2'),
 (800,'2020-03-07 15:35:59','mussu',NULL,'3CCDC494F7C0FE5B5B1E6A4277D2A03A'),
 (801,'2020-03-07 15:38:22','mussu',NULL,'1B23683EE769BAEB54CE866C520575A4'),
 (802,'2020-03-07 15:39:35','mussu',NULL,'CBA01418F5B04FD7BC041016800BE7B3'),
 (803,'2020-03-07 15:41:12','mussu',NULL,'8397593781D49C738AB7181F3890F3E5'),
 (804,'2020-03-07 15:56:54','mussu',NULL,'A81304C7055C37CCBE2BCE16967A1D08'),
 (805,'2020-03-07 16:00:20','mussu',NULL,'5389F15B891E16A46632BF3D1DA70089'),
 (806,'2020-03-07 16:02:46','mussu',NULL,'BDD8A2133819CE78F096AB305778F94A'),
 (807,'2020-03-07 16:39:00','mussu','2020-03-07 17:15:54','A5B5FA14103FBD1FD65476216DBC610E'),
 (808,'2020-03-07 17:16:04','mussu',NULL,'78C1D5EDD3FE7AD6B656BA4E960828A9'),
 (809,'2020-03-07 19:05:52','mussu',NULL,'58C0AB61DBB5C93BBEEFDE7268F7FCAD'),
 (810,'2020-03-07 19:07:10','mussu',NULL,'D8096F4D78CD8B8ED05D3F06B86C7D18'),
 (811,'2020-03-07 19:17:18','mussu',NULL,'A9FD754DD24CD7B4DED94107F01BFC4E'),
 (812,'2020-03-07 23:19:55','mussu',NULL,'AEE7BBB7BF989467C872562F72C70206'),
 (813,'2020-03-07 23:29:28','mussu',NULL,'384C757D187BE9AE8599F1D8D60101B0'),
 (814,'2020-03-08 00:05:26','mussu',NULL,'A8337790ED904EAA026E24AA431248A7'),
 (815,'2020-03-08 00:08:10','mussu',NULL,'FF4C999F253495C8EDD382A39F6526B1'),
 (816,'2020-03-08 00:34:41','mussu',NULL,'FBF4D041377C982470538C8DAADF31F1'),
 (817,'2020-03-08 00:59:56','mussu',NULL,'B74CFB1A73F2EF1C9471342811416C55'),
 (818,'2020-03-08 01:05:02','mussu',NULL,'B8C521FB7B178C1F03F462A0310DF54B'),
 (819,'2020-03-08 01:06:57','mussu',NULL,'FAEAD6755DC6A5C89EBE5F7BE01D3774'),
 (820,'2020-03-08 01:08:16','mussu',NULL,'A05431E2AB226536AC916C6E929B8B37'),
 (821,'2020-03-08 01:10:34','mussu',NULL,'D7BA323DB54C5429EF5DE910C4E6D9C6'),
 (822,'2020-03-08 11:45:20','mussu',NULL,'5271EBD080C45FD8075803561E41B9BA'),
 (823,'2020-03-08 12:35:02','mussu',NULL,'C34F7405F7D569F072D2FD7E58A4A64D'),
 (824,'2020-03-08 12:39:54','mussu',NULL,'F2A6F3DA1A004828C9EA1AC9944E9CC8'),
 (825,'2020-03-08 13:06:25','mussu',NULL,'1C63A2B6CD0B32787A0B102514C43CA7'),
 (826,'2020-03-08 13:10:37','mussu',NULL,'6A42073739223AE164D5542A9099F9FE'),
 (827,'2020-03-08 13:14:13','mussu',NULL,'561BFF6D8F937099F709E557A39001A8'),
 (828,'2020-03-08 13:17:50','mussu',NULL,'68EF9FE5556DC42D48A1B289248EDAF1'),
 (829,'2020-03-08 14:49:21','mussu',NULL,'5C91D2DC6D3E3F9BCC87131724AA163B'),
 (830,'2020-03-08 14:57:57','mussu',NULL,'60B1B1A50523A3961177A214C31F62F7'),
 (831,'2020-03-08 15:00:26','mussu',NULL,'E0108324C8E8E2BA1BCD960496E84C19'),
 (832,'2020-03-08 15:03:48','mussu',NULL,'FF221721E3855F6036BD39BC41EB5159'),
 (833,'2020-03-08 15:47:30','mussu',NULL,'4C5D0DEEF89DD94F98B3C2E82DF8D7BB'),
 (834,'2020-03-08 15:50:05','mussu',NULL,'52BA73C6868EC30B9C1FB998D8FDC920'),
 (835,'2020-03-08 16:02:31','mussu',NULL,'593B002F0D500D6095EE904305134314'),
 (836,'2020-03-08 16:08:52','mussu','2020-03-08 16:09:39','545B91FDCE6CAAE611BE66BEBC726395'),
 (837,'2020-03-08 16:10:57','mussu',NULL,'7179A08C2B33F816ACE3E4C49A2A1217'),
 (838,'2020-03-08 17:08:34','mussu',NULL,'8FA69BEE337CA1D6ED41AF0D8BA0108E'),
 (839,'2020-03-08 17:10:51','mussu',NULL,'FC935A784671D9B592672CAF7181A61A'),
 (840,'2020-03-08 17:13:29','mussu',NULL,'08E24C5796678435FA546EBAD4F4EEDD'),
 (841,'2020-03-08 17:15:52','mussu',NULL,'4B769F64193F0725E8541700F3677942'),
 (842,'2020-03-08 17:26:55','mussu','2020-03-08 17:27:44','9C3A015E5021C1B21E4B6E4D72484667'),
 (843,'2020-03-08 17:27:55','mussu',NULL,'B1AFC2D81D5E7746201E243BA0724B96'),
 (844,'2020-03-08 17:34:38','mussu',NULL,'718A24DE0275E166C3A56ED5732515D2'),
 (845,'2020-03-08 17:43:58','mussu',NULL,'79C0C4295714C5B4F4A7721ED7D192F5'),
 (846,'2020-03-08 18:51:23','mussu',NULL,'34B5208BE653BAD7FFA6445D779B5B0C'),
 (847,'2020-03-08 18:58:37','mussu',NULL,'7DBF3069F64D36117B605043C6C5C826'),
 (848,'2020-03-08 19:03:46','mussu',NULL,'831C2BC6D36E105F304B5C7FC14A76F1'),
 (849,'2020-03-08 19:10:12','mussu',NULL,'B44A3B55B56E45404D927B5E75E6CEA2'),
 (850,'2020-03-08 19:14:31','mussu',NULL,'F7022DA5187ED2D103CEE88F2A40A151'),
 (851,'2020-03-08 19:38:00','mussu',NULL,'A3D48267BA43CA3E733BF8919011392F'),
 (852,'2020-03-08 19:40:09','mussu',NULL,'8B38A0B4F5A1CA61592FCD7AFF706127'),
 (853,'2020-03-09 00:51:15','mussu',NULL,'4E4C6406A7846A5BE232196A4308F0F0'),
 (854,'2020-03-09 01:01:21','mussu',NULL,'504E688ACEBCA34B8B45DA3BD8D46B20'),
 (855,'2020-03-09 01:18:26','mussu',NULL,'240B9E85FEB8DA27214156442FBB5568'),
 (856,'2020-03-09 01:20:44','mussu',NULL,'39B523AA1119068E352D20CA4E9705A4'),
 (857,'2020-03-09 01:22:50','mussu',NULL,'6E762F4E07E504182E4C7FB72744B486'),
 (858,'2020-03-09 01:24:28','mussu',NULL,'DDE64F5C0C1D04E7A9778B7A43F8266E'),
 (859,'2020-03-09 09:56:19','mussu',NULL,'093068A782578E053C7CE22CD7E9E086'),
 (860,'2020-03-09 10:17:11','mussu',NULL,'144FEC25CC56BB6A445E730342FFFF04'),
 (861,'2020-03-09 10:19:08','mussu',NULL,'DB7F747CF0E8A34C552505BE324F54CC'),
 (862,'2020-03-09 10:33:25','mussu',NULL,'2665CFC7C97A59ACBF9002A6C4F16813'),
 (863,'2020-03-09 10:42:49','mussu',NULL,'73796BE00ACCEC6590CD267C45BE3E1A'),
 (864,'2020-03-09 11:03:45','mussu',NULL,'3D5BFA1BA6D3AE8333BF5A8492B38CDF'),
 (865,'2020-03-09 22:00:48','mussu',NULL,'297BB7F643A4445CA79FD4F7427BAB72'),
 (866,'2020-03-09 22:04:18','mussu',NULL,'01F9048990EF3067B2F01C0F8B418916'),
 (867,'2020-03-09 22:25:33','mussu',NULL,'E7B8FF115BDA9D40915EB266B6F903A3'),
 (868,'2020-03-09 22:28:41','mussu',NULL,'FD63035DD5192C7BA973E113EB6E6E50'),
 (869,'2020-03-09 22:40:47','mussu',NULL,'50F25135DDE5D1692ADB68151FDDCC39'),
 (870,'2020-03-09 22:43:22','mussu',NULL,'E93360AF188909050232B167CE0B1A36'),
 (871,'2020-03-09 22:53:04','mussu',NULL,'318CA0935873D502D970D99B06F3615B'),
 (872,'2020-03-09 23:05:36','mussu',NULL,'1B2AD203A2B9AADE23FFAC6A00839B2E'),
 (873,'2020-03-09 23:19:45','mussu',NULL,'F51B3609836B95DD02A7C474B327B916'),
 (874,'2020-03-09 23:52:14','mussu',NULL,'8C87C460B58D073104471E6A6D73468B'),
 (875,'2020-03-10 00:03:05','mussu',NULL,'B61D4F6C2A927B9DAADFFE860C1D3FC0'),
 (876,'2020-03-10 00:32:39','mussu',NULL,'65EE7EA453BFF831466A78947B3B001F'),
 (877,'2020-03-10 11:16:56','mussu',NULL,'2672BB4B326F7EB2A64FF277905F06E4'),
 (878,'2020-03-10 20:28:00','mussu',NULL,'B79AB1D0370E02F0A738F0C53B727AD3'),
 (879,'2020-03-10 20:33:10','mussu',NULL,'9DE50A97F0321DCEA5C86D91B97992F8'),
 (880,'2020-03-10 20:35:24','mussu',NULL,'A0FD4EC82BBAD23D9A47D72DBC778633'),
 (881,'2020-03-10 20:50:17','mussu',NULL,'328D2A090C0301FCFA881E4F83DA69A5'),
 (882,'2020-03-10 20:57:50','mussu',NULL,'471525BD94916F6938141F91C85E7357'),
 (883,'2020-03-10 21:17:02','mussu','2020-03-10 21:30:28','53813D55AC57A8104FDC63206FEC78FF'),
 (884,'2020-03-10 21:30:32','mussu',NULL,'41F0F5E5BE6C346FC545DA2AF488FE84'),
 (885,'2020-03-10 21:54:52','mussu',NULL,'6C6F249526140A6B8D9987FB119B59E6'),
 (886,'2020-03-10 22:47:30','mussu',NULL,'D2C186658FBBB20BD461AE0ABCF19432'),
 (887,'2020-03-10 22:53:39','mussu',NULL,'E47230FECE24CCF3C53AB3F69297BEDA'),
 (888,'2020-03-10 22:54:46','mussu','2020-03-10 22:56:56','9B55A6A101CF13564514DF98F940A15A'),
 (889,'2020-03-10 22:57:00','mussu','2020-03-10 22:57:49','1235FCF7BB593142F101444C934612B0'),
 (890,'2020-03-10 22:57:53','mussu',NULL,'F3E965C1388C237D3AFC81C58929910D'),
 (891,'2020-03-10 23:23:25','mussu',NULL,'EA1DF975227C4499D989A753D6B80ADE'),
 (892,'2020-03-10 23:31:25','mussu',NULL,'A7B0DE070CA63461CF7D3F706E84AAA0'),
 (893,'2020-03-11 00:14:11','mussu',NULL,'2C1D2D2A3A6B475B04ABAAFA54F00ED1'),
 (894,'2020-03-11 09:46:15','mussu','2020-03-11 09:51:34','2CA77734C4837AD58CEFB53E3F13C09A'),
 (895,'2020-03-11 09:53:12','mussu',NULL,'AF56127C80C342FD284DFD41DBAD015B'),
 (896,'2020-03-11 09:58:49','mussu',NULL,'3ACEF5F7070B7F9B6DE23AC75F48CC41'),
 (897,'2020-03-11 10:22:45','mussu',NULL,'D31ED6EE579930B4E7113A26DCBC30FA'),
 (898,'2020-03-11 10:33:34','mussu',NULL,'E41F6181300A7A7C26D69A62CA51D867'),
 (899,'2020-03-11 20:53:28','mussu',NULL,'19A64F1A0DE8452938F62C571480FE84'),
 (900,'2020-03-11 21:31:25','mussu',NULL,'69C91FF35BB639E37B4B8B5ABE3BDBAB'),
 (901,'2020-03-11 21:32:13','mussu','2020-03-11 21:43:11','5A0A910573947C31271065D58EA3ED94'),
 (902,'2020-03-11 21:43:15','mussu',NULL,'4C0CBBB2C841D024318CC7760BA9D6B1'),
 (903,'2020-03-11 22:05:23','mussu',NULL,'50E7C79A22DE09C076570E5B15169456'),
 (904,'2020-03-11 23:47:02','mussu','2020-03-12 00:40:00','4516F8CF5FCAF205767BD1301C3C1B25'),
 (905,'2020-03-12 00:40:05','mussu',NULL,'ADCBC4346C0CF4357A3E65C21D63FF46'),
 (906,'2020-03-12 10:16:31','mussu',NULL,'94EBB9E060E3CDE45B3D39959A969B3B'),
 (907,'2020-03-12 21:21:10','mussu',NULL,'43D6561FB63CC3E12846508D02B1280E'),
 (908,'2020-03-12 21:50:34','mussu',NULL,'91C6C1BE67B75412E34E779C6FA0093E'),
 (909,'2020-03-12 21:59:29','mussu','2020-03-12 22:33:50','D514F3C197F862EEE5C9DA92F01555EA'),
 (910,'2020-03-12 22:33:56','mussu',NULL,'0A12B2D585733E6237268B3BAFAED22B'),
 (911,'2020-03-12 23:50:38','mussu',NULL,'EABEBCE1D81F8EFA137885A84289CF02'),
 (912,'2020-03-12 23:53:23','mussu',NULL,'DC34DF498E46F6AEC23015088F9269E0'),
 (913,'2020-03-13 00:42:35','mussu',NULL,'A4B58BF7D2236B23C21959A6FADD9376'),
 (914,'2020-03-13 09:59:57','mussu',NULL,'17E76602DCEF8A697B337D1BF0F2D84D'),
 (915,'2020-03-13 10:46:41','mussu',NULL,'8B82E06A00CFA495F4331EAE71D983BF'),
 (916,'2020-03-13 10:48:52','mussu',NULL,'5CCFDB2E2FC866BC9A6AD2CDA0832214'),
 (917,'2020-03-13 21:12:33','mussu',NULL,'2EDCC792A891E92D2487EAEB0D89450B'),
 (918,'2020-03-13 22:07:51','mussu',NULL,'1A43DD206121C5F2B740B7579FB0E6DC'),
 (919,'2020-03-13 22:09:15','mussu',NULL,'A50727A8851CC6737F0454C0CA19EE28'),
 (920,'2020-03-13 23:55:37','mussu',NULL,'5B69D74AF420392E10478525493B4A9A'),
 (921,'2020-03-14 00:21:21','mussu',NULL,'0D1D43FB4E0ADAABE561A28BA76D09EE'),
 (922,'2020-03-14 00:56:24','mussu',NULL,'FA0E1D33DC8A71E188DFDBCE6F4E431E'),
 (923,'2020-03-14 10:58:30','mussu',NULL,'C30372EA6E861AB662C91EC1407214D5'),
 (924,'2020-03-14 12:08:10','mussu',NULL,'86E888CD852D9B50106A642EA06F3614'),
 (925,'2020-03-14 12:47:52','mussu',NULL,'547E84890DDCB0045C28681C3FC04CE9'),
 (926,'2020-03-14 12:54:08','mussu','2020-03-14 13:07:12','F63B37ACE942CDF5ABABAB94CFD4EE84'),
 (927,'2020-03-14 13:07:16','mussu',NULL,'5DCA63928F7A9C496CF754A8BD72F899'),
 (928,'2020-03-14 14:46:41','mussu',NULL,'53EEBE182352C3194F09000F36500C0F'),
 (929,'2020-03-14 15:44:36','mussu',NULL,'A385414A43B9D3E6D839091EA4509FAE'),
 (930,'2020-03-14 19:51:20','mussu',NULL,'BAF912CEFCE3A6167FC8F7CB98F896CF'),
 (931,'2020-03-14 20:05:21','mussu',NULL,'445FF172ACB6B8C44178B18777E60099'),
 (932,'2020-03-14 20:08:14','mussu',NULL,'BA7BFC340A8D1C8AF0A1FD19543299E3'),
 (933,'2020-03-14 20:23:54','mussu',NULL,'8122C6E216AC33AEF56CFBDBA62ABDBD'),
 (934,'2020-03-14 21:22:27','mussu',NULL,'07D0AFBDF1C0827460466BA1197410D4'),
 (935,'2020-03-14 22:44:13','mussu',NULL,'D234C096D26CF4830653A4A2C9459DF2'),
 (936,'2020-03-14 23:22:50','mussu',NULL,'E2FC750686188ED071F8A38388990645'),
 (937,'2020-03-14 23:37:42','mussu',NULL,'C3AAC88D383420C0A21E2EEFF08B9604'),
 (938,'2020-03-15 00:20:46','mussu',NULL,'CB18C0EEC9EB6C444ECDED847111B714'),
 (939,'2020-03-15 00:30:44','mussu',NULL,'7BBCE6247537BA550435427F88086133'),
 (940,'2020-03-15 00:38:48','mussu',NULL,'6BDF1732272148EBE8902C36199A8D35'),
 (941,'2020-03-15 00:55:07','mussu',NULL,'62D38310DD4AE8C52B25AB804047DB95'),
 (942,'2020-03-15 00:58:38','mussu',NULL,'39B1B38D30039EBF364EF33F279D65BF'),
 (943,'2020-03-15 09:55:01','mussu',NULL,'83F51DB0BBA9B883221E8DBB907C0A0D'),
 (944,'2020-03-15 10:34:19','mussu',NULL,'9EAE64DE9782892A50EEAA6678A27150'),
 (945,'2020-03-15 10:52:00','mussu',NULL,'9361CF528F89D6BD019B6E286BFC79BF'),
 (946,'2020-03-15 11:05:24','mussu',NULL,'8BFD86D22C43B5F62817F2E850F6685F'),
 (947,'2020-03-15 11:39:11','mussu',NULL,'97FDAA704FA4C167181316DAD017FF84'),
 (948,'2020-03-15 11:42:00','mussu',NULL,'5AE0D1F1FB60DE8C0933A0B67060176F'),
 (949,'2020-03-15 11:54:24','mussu',NULL,'DBBCD3D87C2C30E725FFA9BE80175759'),
 (950,'2020-03-15 12:22:24','mussu',NULL,'CC9F34E9DC9D472F054ABDE30E271526'),
 (951,'2020-03-15 12:37:01','mussu',NULL,'BF6453340D253757FA5485E4562510F3'),
 (952,'2020-03-15 12:39:07','mussu',NULL,'16C251E53261E4B3148AE4A81AD13BBD'),
 (953,'2020-03-15 18:35:26','mussu',NULL,'60937A62017CE1764FF442E6F127F40D'),
 (954,'2020-03-15 20:21:37','mussu',NULL,'245A99C7EB7D59BA060C90220E5016F1'),
 (955,'2020-03-15 20:31:17','mussu',NULL,'32AF46431DF69CFA2147B3B4E15E22F1'),
 (956,'2020-03-15 21:34:28','mussu',NULL,'2EF24594AD3832CA593BC5180BC94F73'),
 (957,'2020-03-15 22:27:54','mussu',NULL,'91E51BADBB1CD94EC439E2B2D57E8400'),
 (958,'2020-03-16 01:15:19','mussu',NULL,'B994C6E60E216728006232B57EE2F0B5'),
 (959,'2020-03-16 10:29:45','mussu',NULL,'F9E0AD231B8AA7194A545BCD1E32D8D7'),
 (960,'2020-03-16 23:27:29','mussu',NULL,'3647B8E7D3504F317BA13D0BEDAC6B7A'),
 (961,'2020-03-17 00:24:50','mussu',NULL,'87BA0ED6B3C3EB6EE5568F2AF7E8AE4C'),
 (962,'2020-03-17 11:05:28','mussu',NULL,'E37D92B2D21D5ED5FF48E22D2D5AC697'),
 (963,'2020-03-17 12:13:30','mussu',NULL,'D64959B3A64C5B0DD56528AEB0F58717'),
 (964,'2020-03-17 12:55:07','mussu',NULL,'4B6D71ADE4C38FCB4592266A4C5420EA'),
 (965,'2020-03-17 12:57:10','mussu',NULL,'B0636E219144C2C3C6058C5AC8881D52'),
 (966,'2020-03-17 13:10:18','mussu',NULL,'3D3A913B9B441129DF4E16018F10427B'),
 (967,'2020-03-17 13:59:14','mussu',NULL,'AA2F082535BFE8B77A562C19F784F4B9');
/*!40000 ALTER TABLE `user_event` ENABLE KEYS */;


--
-- Definition of table `user_role`
--

DROP TABLE IF EXISTS `user_role`;
CREATE TABLE `user_role` (
  `user_role_id` int(10) unsigned NOT NULL auto_increment,
  `username` varchar(45) NOT NULL,
  `role` varchar(45) NOT NULL,
  PRIMARY KEY  (`user_role_id`)
) ENGINE=InnoDB AUTO_INCREMENT=4 DEFAULT CHARSET=latin1;

--
-- Dumping data for table `user_role`
--

/*!40000 ALTER TABLE `user_role` DISABLE KEYS */;
INSERT INTO `user_role` (`user_role_id`,`username`,`role`) VALUES 
 (1,'rahat','USER'),
 (2,'mussu','ADMIN'),
 (3,'mussu','USER');
/*!40000 ALTER TABLE `user_role` ENABLE KEYS */;




/*!40101 SET SQL_MODE=@OLD_SQL_MODE */;
/*!40014 SET FOREIGN_KEY_CHECKS=@OLD_FOREIGN_KEY_CHECKS */;
/*!40014 SET UNIQUE_CHECKS=@OLD_UNIQUE_CHECKS */;
/*!40101 SET CHARACTER_SET_CLIENT=@OLD_CHARACTER_SET_CLIENT */;
/*!40101 SET CHARACTER_SET_RESULTS=@OLD_CHARACTER_SET_RESULTS */;
/*!40101 SET COLLATION_CONNECTION=@OLD_COLLATION_CONNECTION */;
/*!40101 SET CHARACTER_SET_CLIENT=@OLD_CHARACTER_SET_CLIENT */;
